hourinweek,Female Mean Activity (g),Male Mean Activity (g),Female Asleep (proportion),Male Asleep (proportion),Female Steps (average per min),Male Steps (average per min),Female Sedentary Activity (proportion),Male Sedentary Activity (proportion),Female Light Activity (proportion),Male Light Activity (proportion),Female Moderate Activity (proportion),Male Moderate Activity (proportion),Female Vigorous Activity (proportion),Male Vigorous Activity (proportion)
0,0.013470077926866946,0.014409968956572478,0.416788327283303,0.4103640965953301,3.4540364583333334,3.341272965879265,0.96015625,0.9606955380577424,0.017578125,0.01686351706036744,0.02171223958333333,0.021981627296587904,0.0005533854166666667,0.00045931758530183726
1,0.008946353594194998,0.00993837723236266,0.5016079023511881,0.4793082685000544,2.1178385416666665,2.2379921259842512,0.9755859375,0.9744750656167976,0.011783854166666666,0.01017060367454068,0.01259765625,0.01522309711286088,0.00003255208333333333,0.00013123359580052493
2,0.005983490824587072,0.006002013342179887,0.5336998384571339,0.5512990951019904,1.1048177083333333,1.013057742782152,0.9882161458333332,0.9906167979002628,0.005403645833333333,0.004527559055118108,0.006380208333333333,0.004855643044619417,0,0
3,0.004751024251142034,0.004690403922184516,0.5514435862600163,0.5287316901944391,0.72822265625,0.6733595800524931,0.9942057291666668,0.994619422572179,0.0021158854166666665,0.00242782152230971,0.0036783854166666666,0.0029527559055118097,0,0
4,0.004480189259156691,0.004346671619758627,0.5329533417123483,0.5231471133563106,0.6641927083333333,0.6023622047244095,0.9949869791666668,0.9966535433070872,0.002278645833333333,0.001706036745406823,0.002734375,0.001640419947506561,0,0
5,0.006217654695648725,0.005368722700988573,0.5325541378676997,0.5312066619018972,1.2154947916666667,0.9919291338582674,0.9850911458333332,0.9886482939632554,0.006184895833333333,0.00597112860892388,0.00869140625,0.005380577427821518,0.00003255208333333333,0
6,0.017450108804568563,0.014151133270421916,0.4486594568873964,0.4640745428202296,4.61611328125,3.8646981627296575,0.9325520833333332,0.9468503937007872,0.024088541666666668,0.021062992125984236,0.04163411458333333,0.031627296587926505,0.0017252604166666666,0.00045931758530183726
7,0.03424676470514317,0.030596714911722517,0.3308992624986956,0.37386451781420593,10.769954427083333,9.465419947506565,0.8542643229166667,0.8780839895013121,0.04430338541666667,0.032414698162729634,0.09778645833333334,0.08766404199475057,0.003645833333333333,0.001837270341207349
8,0.04451967490169818,0.04128501924520509,0.24555921706915732,0.2899666601995808,15.220703125,13.30452755905512,0.80654296875,0.8314304461942255,0.0529296875,0.04232283464566926,0.13785807291666666,0.1238188976377952,0.0026692708333333334,0.002427821522309711
9,0.05248026451493533,0.052494435861301314,0.17741657047352327,0.1924488047027449,18.432905604888777,17.060554631866243,0.7881842064031004,0.806193748013085,0.04866270154159132,0.04063024435001091,0.1605755234194889,0.14845081392356846,0.002577568635819357,0.004725193713335631
10,0.04781824286447214,0.04751102831677526,0.1385801487722219,0.1862608564330152,16.531921043332247,15.388313433146717,0.8135367358137937,0.8361895012224091,0.04943615451501448,0.03815485761106971,0.1353777713732747,0.1232727052002949,0.0016493382979171692,0.002382935966226077
11,0.04568083729386891,0.04496170478275337,0.14438469374347462,0.1868419227746979,16.115099831318894,15.004608324079792,0.8266439449799383,0.8424408235899933,0.04460631175672378,0.03736755981536128,0.12675662071836716,0.11759101901907468,0.00199312254497048,0.002600597575570524
12,0.04571076492226575,0.04871420034090527,0.1285069551957662,0.15972223415426182,15.611233333333333,15.80471447543161,0.8342666666666666,0.8266268260292168,0.042866666666666685,0.04409030544488709,0.12126666666666668,0.12675962815405037,0.0016000000000000007,0.002523240371845948
13,0.058631134241794114,0.05834620586236807,0.12546107585505023,0.14084894301984774,20.74703307965389,19.617023668137413,0.7596121937530022,0.7696562818147948,0.06214945131838075,0.05593892519423165,0.17611032878960123,0.17254475797327043,0.002128026139015763,0.00186003501770314
14,0.04301457622886127,0.04283217933059767,0.15265550129134153,0.1545430621808634,14.694808201058205,13.69694555112882,0.8464947089947087,0.8511288180610889,0.04970238095238093,0.04654714475431603,0.10221560846560844,0.10039840637450193,0.0015873015873015873,0.0019256308100929608
15,0.04585761949600583,0.048809576206656685,0.16474510741984943,0.15372918726627685,15.826717547035036,15.772890288309124,0.831643938478124,0.8281767039369404,0.04756071388069395,0.04970581758985564,0.11804193720420432,0.11851122820545772,0.0027534104369777825,0.0036062502677462185
16,0.05856579932173273,0.06364242052811367,0.13719916165127255,0.13408208386889395,20.50026613439786,21.478897849462367,0.7640385894876914,0.7485215053763441,0.06603459747172322,0.06606182795698924,0.16460412508316707,0.17903225806451614,0.005322687957418492,0.006384408602150534
17,0.05754984650940604,0.057989874270231466,0.15110342509445404,0.15035801779414917,19.07807717897538,17.160349462365595,0.7677644710578843,0.7966397849462363,0.06689953426480373,0.05376344086021507,0.15781769793745845,0.1350134408602151,0.007518296739853618,0.014583333333333323
18,0.04622554956795012,0.05251702531292284,0.16338763800142406,0.2031491430227368,15.10961410512309,15.621706989247311,0.8091483699268133,0.8007392473118284,0.07172322022621423,0.06129032258064514,0.11616766467065866,0.12936827956989247,0.0029607451763140366,0.008602150537634403
19,0.04136810823476457,0.04659101122093634,0.1569039709474002,0.1952900183222619,12.627944111776442,13.01505376344086,0.8394876912840986,0.8397849462365591,0.05844976713240187,0.05873655913978495,0.09827012641383896,0.09018817204301072,0.003792415169660676,0.011290322580645154
20,0.035788422873890134,0.04237822170273155,0.155209402469611,0.1639081845487301,10.69241516966068,12.650201612903228,0.8661676646706585,0.8372311827956987,0.053093812375249495,0.053024193548387104,0.07737857618097135,0.10544354838709674,0.003359946773120423,0.004301075268817202
21,0.03303399744708712,0.0390854061501763,0.173753474845456,0.1721580052350278,9.786460412508315,11.490322580645168,0.8802062541583502,0.8541666666666663,0.04880239520958086,0.05168010752688172,0.06773120425815035,0.0891129032258064,0.0032601463739188267,0.005040322580645158
22,0.027721816124020117,0.03053690518275716,0.21904229750810428,0.19766383230880977,8.109347970725215,8.879301075268817,0.901563539587492,0.8881720430107527,0.03988689288090487,0.04368279569892474,0.056753160345974725,0.0676075268817204,0.0017964071856287414,0.0005376344086021505
23,0.01933734404192193,0.022865525358513616,0.3182645478633278,0.3018539061721009,5.423952095808385,5.6114247311827965,0.936892880904857,0.930510752688172,0.02588157019294744,0.0286962365591398,0.03672654690618761,0.03951612903225808,0.0004990019960079841,0.0012768817204301074
24,0.013379624657602934,0.015895316616875606,0.40997487621651774,0.4081814359343503,3.5000332667997327,3.7471102150537634,0.9597139055222887,0.9561155913978492,0.01829673985362608,0.01733870967741935,0.02182302062541584,0.026209677419354857,0.000166333998669328,0.00033602150537634406
25,0.008122330205497588,0.008375879391702248,0.48930988628649685,0.48806223423628087,1.797837658017299,1.7217069892473116,0.9813373253493012,0.982325268817204,0.008216899534264797,0.008602150537634405,0.010113107119095145,0.009005376344086017,0.00033266799733865603,0.00006720430107526882
26,0.005988608426425691,0.005992360490797972,0.5089750417010207,0.5417073120997346,1.0671989354624083,1.0137096774193546,0.9898203592814367,0.9915322580645156,0.004790419161676644,0.003763440860215052,0.005222887558216896,0.004704301075268815,0.000166333998669328,0
27,0.005746922997661301,0.004871806607078453,0.5328861767887747,0.5483582907982534,0.89500998003992,0.723185483870968,0.992248835662009,0.9961021505376338,0.002295409181636725,0.001344086021505376,0.003958749168330004,0.002352150537634408,0.0014970059880239509,0.00020161290322580645
28,0.004547797146357167,0.004538765302177687,0.5380450022310076,0.5320842583833795,0.7038256819693945,0.6238575268817205,0.9939787092481698,0.99630376344086,0.0029607451763140366,0.0015456989247311823,0.002960745176314036,0.0021505376344086013,0.0000998003992015968,0
29,0.005923101817160884,0.005221407036761595,0.4742850904610717,0.5079500487164187,1.1931470392548231,0.8660618279569892,0.9873586161011312,0.993145161290322,0.004990019960079838,0.0034946236559139773,0.007651363938789085,0.0033602150537634387,0,0
30,0.017965378259727608,0.014936849994583652,0.37116319476448006,0.4109549870802278,5.319926813040587,3.953763440860216,0.9209580838323356,0.9448252688172049,0.026280771789753816,0.01969086021505375,0.05163007318695943,0.03508064516129032,0.00113107119095143,0.0004032258064516129
31,0.036755577598714256,0.032132641184393435,0.27883862834268214,0.3064904060440841,11.995442448436464,9.58991935483871,0.8364936793080506,0.8758064516129027,0.04870259481037927,0.0323252688172043,0.11104457751164336,0.08884408602150536,0.00375914836992681,0.0030241935483870954
32,0.04774291285064655,0.04470145309567646,0.198760639092085,0.24844284821407123,16.20984697272122,14.013373655913975,0.7948769128409849,0.8205645161290328,0.05352628077178975,0.04529569892473116,0.14733865602129073,0.13118279569892471,0.004258150365934794,0.002956989247311826
33,0.05746641908118291,0.0571251359786674,0.13497213434452396,0.15906142444101654,20.310574608359044,18.88893741021288,0.7725783643718326,0.7871056369363795,0.04904871424653947,0.04156108093526334,0.17484460464953464,0.165751203762977,0.003528316732093227,0.005582078365380151
34,0.04026720882133155,0.03719578844043922,0.1974413823934573,0.2693982935017639,13.75364532697362,12.032996251673357,0.8538256819693947,0.8728915662650603,0.041117764471057874,0.03259705488621152,0.10345974717232204,0.09190093708166,0.0015968063872255486,0.002610441767068273
35,0.041095894006594094,0.04041937287477863,0.17636378263518873,0.2321404834352635,14.470958083832338,13.114792503346717,0.8466400532268797,0.8607095046854081,0.0427478376580173,0.03647925033467203,0.10931470392548238,0.098995983935743,0.001297405189620758,0.0038152610441767047
36,0.05037429613007692,0.05123464044806808,0.14067968993013483,0.18886817305652268,17.8251497005988,17.417871485943767,0.8037924151696607,0.8100401606425699,0.05166333998669327,0.04832663989290494,0.14264803725881572,0.13862115127175365,0.0018962075848303385,0.003012048192771084
37,0.06161792174964127,0.06530224679952999,0.13058222569739,0.1806884444559095,22.73423433133733,22.21285140562248,0.7330188632835342,0.7373909616962473,0.0633958023347245,0.060313026298743376,0.20118905219863295,0.19687324567085543,0.00239628218310853,0.005422766334153816
38,0.04302472760791557,0.0488919503314776,0.171163256283847,0.20812787703378105,15.11603835978836,15.859705488621149,0.843683862433862,0.8209504685408298,0.04735449735449733,0.050200803212851405,0.10747354497354504,0.1244310575635877,0.0014880952380952378,0.004417670682730921
39,0.044252585690769126,0.04638791474934472,0.16779723158853752,0.20737076535145163,15.228189575222151,15.11643104676772,0.8393482661329255,0.8222073778986918,0.05066313791098561,0.053524042406183886,0.10680868175355213,0.11971299175195406,0.003179914202536821,0.0045555879431705285
40,0.05782823299367376,0.06130146030623078,0.12480679520343636,0.20879614598648,20.150882352941185,18.35028420132142,0.7690522875816994,0.7758442371637086,0.06241830065359474,0.05662434684976463,0.16385620915032686,0.15558605389299135,0.004673202614379083,0.011945362093535423
41,0.05943952356312962,0.05970031203110057,0.15118956426605246,0.214900644833022,19.72669934640523,17.930804601454007,0.7576143790849673,0.7709497845109047,0.0666013071895425,0.05978543598450223,0.16879084967320265,0.1577388337468982,0.006993464052287576,0.011525945757694488
42,0.04966071407649767,0.05183774926831537,0.15396193088194174,0.2208462011454499,15.79029411764706,15.74608636977058,0.79640522875817,0.7928475033738192,0.07088235294117654,0.0659919028340081,0.12866013071895427,0.13272604588394063,0.004052287581699344,0.008434547908232119
43,0.044066915128574045,0.05038684158295411,0.17488076249911594,0.2037640260285376,13.502222222222215,14.243589743589746,0.8279738562091502,0.8068151147098515,0.0598692810457516,0.06187584345479082,0.10627450980392145,0.116059379217274,0.005882352941176466,0.015249662618083668
44,0.03929957087609697,0.03968710166885665,0.17509714662033046,0.1997720507779674,12.03604575163399,11.090620782726043,0.8485947712418301,0.8547908232118763,0.05794117647058819,0.05074224021592444,0.08901960784313721,0.08731443994601888,0.004444444444444442,0.007152496626180836
45,0.03323049000363293,0.0342021048982515,0.18360291965444367,0.2021409698948964,10.060980392156862,9.791363022941972,0.8766666666666666,0.869770580296896,0.05062091503267972,0.04817813765182187,0.07055555555555554,0.08049932523616737,0.0021568627450980382,0.0015519568151147094
46,0.028619249950559356,0.03168590054908069,0.2324383420075086,0.24116825559489816,8.190130718954249,8.840823211875845,0.8973856209150326,0.8849527665317142,0.04163398692810457,0.04062078272604589,0.05964052287581693,0.07159244264507424,0.001339869281045751,0.0028340080971659925
47,0.02091560237328625,0.024431217858005276,0.31296186923066105,0.29890333244286926,6.066633986928104,6.567543859649122,0.925490196078431,0.9202429149797572,0.02996732026143789,0.03130904183535763,0.044248366013071874,0.04757085020242916,0.0002941176470588235,0.00087719298245614
48,0.014338277883594734,0.01602211103236243,0.4147802951330605,0.424737935328743,3.897287581699347,3.7503373819163297,0.9526143790849668,0.9541160593792172,0.020359477124183,0.018623481781376527,0.02656862745098036,0.026855600539811075,0.000457516339869281,0.0004048582995951417
49,0.009050163646765455,0.00995396053157534,0.48941818372295626,0.4910265287882399,2.0744117647058817,2.22962213225371,0.9771568627450972,0.9763832658569505,0.009183006535947709,0.009041835357624834,0.013039215686274495,0.014507422402159242,0.0006209150326797386,0.00006747638326585695
50,0.0061687945161412825,0.007260056512574457,0.5394642176364247,0.5243337610643927,1.238496732026144,1.489676113360324,0.9869281045751634,0.984075573549258,0.005784313725490194,0.006005398110661267,0.0072875816993464015,0.00978407557354926,0,0.0001349527665317139
51,0.004625976497026904,0.005641694302961639,0.5485606308250944,0.5329541372467158,0.7145424836601306,0.99055330634278,0.9944771241830064,0.9897435897435896,0.00310457516339869,0.004655870445344129,0.00241830065359477,0.005533063427800269,0,0.00006747638326585695
52,0.0045155014152874215,0.004883692070982691,0.5492156957425662,0.5405983825243512,0.6890849673202613,0.7406882591093117,0.9951960784313728,0.9941295546558704,0.0019934640522875813,0.002294197031039136,0.002810457516339867,0.00350877192982456,0,0.00006747638326585695
53,0.005667347102866796,0.005459492691994633,0.518186704009533,0.5283705661380487,1.011013071895425,0.8767206477732794,0.9889869281045744,0.992307692307692,0.004019607843137254,0.004183535762483133,0.006960784313725491,0.003508771929824561,0.0000326797385620915,0
54,0.013378965873067677,0.009749996102626416,0.4497414463527976,0.4647910569394279,3.528823529411765,2.3512145748987847,0.9499019607843128,0.9686909581646422,0.01581699346405229,0.013832658569500675,0.032647058823529425,0.01707152496626181,0.001633986928104575,0.0004048582995951417
55,0.02902084628504854,0.022073903641909056,0.3487958375635366,0.37099683379045495,8.76835773078059,6.347503373819163,0.8747228321584033,0.915114709851552,0.04252141197015806,0.02469635627530365,0.07863175263556635,0.05836707152496626,0.004124003235871953,0.0018218623481781368
56,0.04317832580399351,0.03605275086379856,0.27093960251550964,0.2952656190830878,14.252062868369354,10.70620782726046,0.8132940406024886,0.8593792172739536,0.05173542894564508,0.03893387314439948,0.1308447937131631,0.09743589743589748,0.004125736738703342,0.004251012145748989
57,0.04704896535221709,0.0475578791426108,0.20080586161416183,0.252818178352623,16.417405883995126,14.536804063022386,0.8073708305149555,0.8281242738136234,0.04482336629650539,0.04030844943480067,0.14484910064345977,0.1246785652110834,0.002956702545079536,0.006888711540492505
58,0.03779303410898198,0.039167549576476175,0.23191145391110576,0.23229705253019584,12.323394843319642,12.27290194126431,0.8581268343903142,0.8606122448979592,0.04754142683397571,0.04170068027210885,0.09329273676671568,0.09510204081632656,0.0010390020089944437,0.002585034013605441
59,0.040374152845044,0.04299763376750889,0.19589956903131703,0.18940524242651835,13.82919469012064,13.917467898716582,0.8481047351361066,0.842690465523879,0.04715451412315806,0.04516335138467525,0.1040078739876881,0.1105288932344031,0.0007328767530472338,0.0016172898570424635
60,0.04897192685970804,0.0500668853356322,0.13190067589846,0.15641047867668234,16.965198956294845,16.30168010752688,0.8113176777560338,0.8156586021505376,0.05427266797129811,0.04704301075268819,0.13251793868232223,0.1323924731182796,0.0018917155903457271,0.004905913978494621
61,0.05376359007105398,0.05586340111643588,0.11998800898106536,0.1458431285965447,19.442596216568827,18.05558584737277,0.7820336651635046,0.795515813416917,0.05604584516139015,0.04919980627748032,0.15989766635984629,0.1507808758869879,0.002022823315259289,0.004503504418614773
62,0.04466894604049517,0.0456204946320493,0.16802856684711512,0.23317331820398837,15.153927334989088,14.11462450592885,0.8321736158149572,0.8367588932806321,0.05085208599884598,0.04499341238471676,0.11361117382905594,0.11271409749670618,0.0033631243571410644,0.005533596837944663
63,0.04595988255774154,0.05260890752658956,0.16620466982606455,0.21072036248770343,15.358608414239486,16.36383399209486,0.8281877022653723,0.8101449275362318,0.050970873786407765,0.05138339920948619,0.11744336569579288,0.13036890645586294,0.0033980582524271866,0.008102766798418969
64,0.05334598670096447,0.05314030453584125,0.16442023139370152,0.2000993476633053,18.2950846209059,16.394729907773392,0.7859649553599536,0.8074440052700922,0.05868768337677706,0.05065876152832678,0.15090898215657392,0.1369565217391304,0.004438379106695377,0.004940711462450593
65,0.05799061113630832,0.060777014048668206,0.15474086886825036,0.19180391434977412,18.99571984435797,19.05757575757576,0.7688391699092086,0.7649538866930171,0.06783398184176392,0.05704874835309621,0.15554474708171198,0.16949934123847166,0.007782101167315175,0.008498023715415018
66,0.05359956193480454,0.047372637256967394,0.17178896036234695,0.20712479115204613,16.72273022049286,14.46772068511199,0.7851815823605705,0.8169301712779973,0.07130350194552533,0.05922266139657448,0.13433852140077823,0.11943346508563904,0.009176394293125808,0.004413702239789196
67,0.04765438262755387,0.0419712862914012,0.1836713795722608,0.1957322077873243,14.581452658884563,12.422068511198944,0.810765239948119,0.845256916996047,0.06514267185473406,0.051515151515151576,0.11579118028534362,0.0997364953886693,0.00830090791180285,0.0034914361001317524
68,0.04079791848519832,0.03971195292707256,0.19467181498140185,0.20859634535526075,12.246303501945524,11.071080368906456,0.8454604409857326,0.8608036890645584,0.05622568093385207,0.05171277997364957,0.09182879377431905,0.08069828722002638,0.006485084306095973,0.006785243741765479
69,0.034936126766236905,0.03699870410272243,0.20924296481546184,0.2235489449451757,10.463002594033725,9.889393939393944,0.8693904020752268,0.8684453227931492,0.05087548638132291,0.04795783926218712,0.07639429312581066,0.07944664031620555,0.0033398184176394274,0.0041501976284585
70,0.029309241706951657,0.03438624957977498,0.24307027650562396,0.2717590841773047,8.607036316472112,8.833926218708829,0.889818417639429,0.8787220026350464,0.04526588845654991,0.04565217391304348,0.0633592736705577,0.07351778656126484,0.0015564202334630336,0.002108036890645587
71,0.022076464773478428,0.02647119164474089,0.3401032192449492,0.3322907242788217,6.362094682230867,6.921607378129118,0.9204280155642016,0.9117918313570486,0.030739299610894923,0.032608695652173926,0.04747081712062254,0.0542160737812912,0.0013618677042801551,0.0013833992094861665
72,0.01503285363004226,0.01738386156745908,0.4289123019210092,0.4147612599495212,4.130869001297018,4.497957839262188,0.9485732814526584,0.9443346508563908,0.018612191958495457,0.018577075098814223,0.03197146562905317,0.03642951251646904,0.0008430609597924773,0.0006587615283267455
73,0.008465116667080929,0.011834434188395047,0.5241548321643775,0.487827971712744,1.926199740596628,2.802569169960476,0.9779507133592732,0.9671277997364944,0.009143968871595326,0.01185770750988142,0.012418936446173787,0.02055335968379445,0.0004863813229571985,0.0004611330698287218
74,0.005863386757731643,0.008149800724395114,0.5537484938927576,0.5229812757715743,1.1346952010376132,1.7701581027667987,0.9885214007782098,0.9803030303030298,0.004409857328145265,0.008827404479578388,0.006971465629053173,0.010671936758893276,0.0000972762645914397,0.0001976284584980237
75,0.004947732535768574,0.005924006247946335,0.5521212320304804,0.5563051885632522,0.8909857328145265,1.0740447957839263,0.99254215304799,0.9889986824769428,0.002529182879377431,0.005270092226613966,0.004863813229571982,0.005665349143610014,0.00006485084306095979,0.00006587615283267457
76,0.004187747646886456,0.005006109452954576,0.5291435028709764,0.5631506936317059,0.5493190661478599,0.7943346508563901,0.996595330739299,0.9940052700922262,0.001718547341115433,0.0028985507246376816,0.001686121919584955,0.0030961791831357064,0,0
77,0.006979046765274346,0.006391734965783224,0.5132461341487499,0.5580993224823747,1.450421530479896,1.2397233201581026,0.9816147859922176,0.9859025032938064,0.007101167315175099,0.005599472990777339,0.011251621271076524,0.008432147562582346,0.000032425421530479896,0.00006587615283267457
78,0.022740107137727183,0.01694961546159241,0.4231103628515144,0.4714776146832911,6.69918936446174,4.824835309617918,0.8989623865110243,0.933860342555994,0.035992217898832696,0.02187088274044796,0.06316472114137488,0.04328063241106723,0.0018806744487678332,0.0009881422924901183
79,0.04052926108736125,0.03408757806183867,0.3078235311393315,0.3432802619970277,13.619422827496756,10.876877470355732,0.8245136186770426,0.87167325428195,0.04646562905317767,0.02865612648221344,0.12636186770428023,0.09598155467720684,0.0026588845654993507,0.003689064558629777
80,0.04531662785544109,0.04014799930600125,0.22385467931615688,0.2780938657938563,15.597504569898597,12.62463768115942,0.8101720380357146,0.8503293807641633,0.04878034905681845,0.0362977602108037,0.13770501336205482,0.10942028985507242,0.003342599545412024,0.003952569169960476
81,0.05660456706718632,0.05640144374573057,0.17082544071395478,0.217592345119446,20.126900521340964,18.32411067193676,0.770753583752872,0.7894598155467721,0.05120983038917053,0.04176548089591568,0.1754369237053265,0.16231884057971013,0.002599662152630752,0.006455862977602108
82,0.04305866481979435,0.04275451561219517,0.17419641398393013,0.20901899937580232,14.52992866407263,13.4637908496732,0.8394617380025937,0.8513725490196075,0.0474383916990921,0.03869281045751634,0.11170557717250316,0.1054901960784313,0.0013942931258106351,0.004444444444444441
83,0.044314943258975066,0.048389761139241136,0.16761980131886028,0.16882157426247937,15.166667553299286,15.540250115794356,0.8380455323848897,0.8275932787813289,0.04689855909533074,0.04295018269775099,0.11391911883916991,0.1256600277906438,0.001136789680609598,0.0037965107302763614
84,0.05252272767008423,0.05357390564603947,0.14775677384136962,0.1401616909494026,18.220168522071965,17.026377952755904,0.7952960653224496,0.8050524934383204,0.05316618187540612,0.04868766404199471,0.14926329495614038,0.14337270341207337,0.0022744578460038986,0.002887139107611548
85,0.0536152414459246,0.05513993280782382,0.13722188973285296,0.1481417828384485,18.86936322287199,18.752556451276924,0.7862132868880508,0.7871620214139897,0.05323290694410802,0.04916729158855139,0.15814810970006646,0.16176571678540172,0.0024056964677747405,0.001904970212056826
86,0.044942794295190186,0.04298745034126939,0.1859396105691392,0.2009329133860165,15.588256113256111,13.411764705882351,0.8331402831402829,0.8542483660130713,0.0486164736164736,0.04542483660130715,0.1157979407979408,0.0973856209150327,0.002445302445302444,0.002941176470588235
87,0.05229206276574491,0.05553619159426471,0.1842170279239895,0.18150370073184832,18.75862290862291,18.180457516339864,0.7942406692406695,0.7963398692810456,0.05643500643500644,0.05000000000000002,0.146042471042471,0.14692810457516348,0.00328185328185328,0.00673202614379085
88,0.05235977625687164,0.06069602802420058,0.1857787678679626,0.18614888494599807,18.67812097812098,18.731307189542484,0.780019305019305,0.7807189542483658,0.06673101673101677,0.053267973856209135,0.15122265122265127,0.15575163398692815,0.002027027027027027,0.010261437908496726
89,0.05387374405525822,0.05823161289898526,0.20993915146939715,0.18237373676264423,17.928507078507085,17.887124183006538,0.7731660231660231,0.7702614379084967,0.06611969111969114,0.05784313725490193,0.15598455598455602,0.16143790849673206,0.004729729729729729,0.010457516339869272
90,0.047197893306251085,0.05045319250607426,0.2130864162725293,0.1828361689897061,14.975450450450449,14.822941176470586,0.8074324324324321,0.8073202614379084,0.06631274131274133,0.05758169934640521,0.121975546975547,0.12555555555555553,0.004279279279279276,0.009542483660130717
91,0.03990054236786288,0.04556997854975485,0.21593828995265332,0.20328935244105703,12.484903499797118,12.7262091503268,0.8407515763898742,0.8320261437908495,0.061935505552526825,0.0603267973856209,0.09502506789740832,0.0981699346405228,0.002287850160190586,0.009477124183006532
92,0.03749842622093934,0.04593887941188956,0.2217286513394949,0.2185019358019444,11.31595744680851,12.63124183006536,0.8578981302385557,0.8323529411764704,0.053191489361702135,0.05346405228758166,0.08613797549967764,0.10379084967320253,0.002772404900064474,0.010392156862745094
93,0.033213071261261544,0.03289695847040928,0.23643766216741605,0.2263553973330644,9.817698259187624,9.552091503267976,0.8744358478401033,0.8825490196078428,0.0491618310767247,0.0456209150326797,0.07450032237266278,0.0705882352941176,0.00190199871050935,0.0012418300653594771
94,0.028444291384364263,0.030447325469694423,0.2676950190026312,0.26992016642239774,8.260600625253021,8.322745098039217,0.8960346912969378,0.8980392156862742,0.041121569480055416,0.03764705882352941,0.06110049030632907,0.06294117647058822,0.0017432489166779132,0.0013725490196078432
95,0.02030380962779395,0.02386081012036976,0.3601394796525632,0.3256198211402385,5.756363049095608,6.373594771241828,0.929941860465116,0.9215686274509796,0.028811369509043956,0.02934640522875816,0.040148578811369545,0.04790849673202611,0.0010981912144702847,0.001176470588235294
96,0.01343533743612465,0.014620709262215006,0.4521393016770877,0.4159109642554546,3.507078409974662,3.6836601307189545,0.957233448734352,0.957450980392156,0.018831690123178056,0.016601307189542475,0.02345036501843909,0.02588235294117646,0.00048449612403100775,0.000065359477124183
97,0.0074011964272063056,0.010034875150727792,0.5393762390271194,0.5128052909024647,1.6089320388349515,2.199934640522877,0.9831715210355986,0.977124183006536,0.007249190938511325,0.008366013071895422,0.009546925566343043,0.013790849673202607,0.000032362459546925564,0.000718954248366013
98,0.005098642398970074,0.006421446024993535,0.576425977691,0.5526691055365982,0.9014886731391588,1.1932679738562093,0.9921682847896446,0.9890849673202616,0.003495145631067964,0.004117647058823529,0.004304207119741101,0.006797385620915029,0.000032362459546925564,0
99,0.00428636110632111,0.004520942478059819,0.5803152551938489,0.5607468806608374,0.6164180297936105,0.6120261437908497,0.995725510936496,0.995098039215687,0.0022995605253547896,0.002156862745098039,0.001974928538148665,0.002745098039215684,0,0
100,0.004065547306269043,0.003901833695189038,0.5716015128970188,0.5905533840188034,0.5521076523994816,0.4314379084967319,0.9960440985732812,0.998366013071896,0.001977950713359274,0.001045751633986928,0.0019779507133592727,0.000588235294117647,0,0
101,0.006066475231577216,0.005270331225077907,0.5281088863976077,0.5637319902997321,1.2242542153047988,0.8226797385620915,0.985570687418936,0.9921568627450984,0.006063553826199741,0.0037254901960784297,0.008365758754863815,0.004052287581699346,0,0.000065359477124183
102,0.014778206173653248,0.01182520181949167,0.46376267621617584,0.5223278028023984,4.141958495460442,2.9809803921568627,0.9412775616083006,0.9602614379084964,0.018093385214007784,0.013071895424836602,0.03972114137483789,0.0254248366013072,0.0009079118028534372,0.0012418300653594771
103,0.032532562750021816,0.02742684128090516,0.35853608401892706,0.39389733435086577,10.245784695201037,8.059934640522872,0.861770428015564,0.8968627450980389,0.0390402075226978,0.02562091503267973,0.0969844357976654,0.07509803921568627,0.002204928664072632,0.002418300653594771
104,0.04499820900143725,0.03736793567213604,0.26901373026619907,0.3164984437437344,15.180285343709466,12.033986928104571,0.807230869001297,0.8562091503267971,0.05288586251621268,0.03411764705882354,0.1358300907911804,0.10568627450980396,0.0040531776913099865,0.003986928104575164
105,0.04695193063204349,0.04221648298798394,0.21463073966196683,0.2411331659593345,15.52172503242542,13.620130718954249,0.809727626459144,0.8410457516339866,0.053080415045395575,0.03915032679738562,0.13346303501945533,0.11620915032679742,0.003728923476005186,0.003594771241830064
106,0.048740745204377066,0.04661206529114485,0.18563951418460709,0.2218075564478228,16.466763942931255,14.74895424836601,0.8095654993514917,0.832287581699346,0.05168612191958496,0.04169934640522877,0.13524643320363172,0.12366013071895436,0.003501945525291827,0.002352941176470587
107,0.04407268498852538,0.041910019746605534,0.155597226833044,0.18841929991453865,14.848540856031123,13.327450980392152,0.8323605706874189,0.8567973856209148,0.05077821011673151,0.040718954248366,0.11523994811932552,0.09967320261437904,0.001621271076523995,0.002810457516339868
108,0.05557240596258616,0.05272202257900907,0.1470011805171363,0.17390998632342877,19.147503242542157,16.70248366013072,0.7729896238651104,0.8111764705882348,0.06326199740596627,0.0477124183006536,0.1606031128404669,0.13836601307189547,0.0031452658884565487,0.0027450980392156863
109,0.055550159888721126,0.056012680581839606,0.1430742166447216,0.17815626872040122,19.56280804150454,18.278300653594773,0.7679312581063555,0.7837254901960783,0.06559662775616083,0.05535947712418303,0.16452658884565496,0.15712418300653605,0.0019455252918287925,0.003790849673202613
110,0.05367466880260532,0.054915452657095264,0.15557236669828056,0.16443898240348245,18.762710765239948,16.813493644176827,0.7766536964980542,0.7974880345839125,0.06546692607003893,0.06012917502959183,0.15609597924773017,0.13851706036745395,0.001783398184176394,0.003865730019041736
111,0.05103657141527409,0.05640514436765998,0.15048713424183738,0.16240977182996005,17.48667466872976,17.91594488188976,0.7869711116673375,0.7785433070866136,0.0684718714208782,0.059776902887139056,0.142544238893819,0.15564304461942252,0.002012778017966085,0.006036745406824143
112,0.05472202798693223,0.05281682358663865,0.16796267688007704,0.1819160593751101,18.108512020792727,16.480118110236223,0.7687784275503577,0.7921259842519687,0.0712475633528265,0.05538057742782149,0.15454840805718006,0.14665354330708655,0.005425601039636127,0.005839895013123353
113,0.05342839918248996,0.05407616898804663,0.17924925964016403,0.1812735774132154,17.37329434697856,16.952690288713917,0.7725795971410012,0.7717847769028873,0.07053281351526966,0.06036745406824143,0.1522417153996102,0.16135170603674534,0.004645873944119558,0.006496062992125979
114,0.04959055761122461,0.05516856828972351,0.195263187490515,0.1794944857873552,16.085834957764778,16.781102362204724,0.7908382066276811,0.7677165354330708,0.07212475633528263,0.07040682414698156,0.13268356075373616,0.1560367454068241,0.004353476283300845,0.005839895013123355
115,0.04559252299908986,0.04857215270745647,0.19916608918618547,0.1939890665487844,14.255782975958416,14.958661417322835,0.811760883690709,0.7994750656167982,0.0698180636777128,0.06935695538057736,0.11478232618583492,0.12808398950131222,0.0036387264457439896,0.0030839895013123346
116,0.04002672383940672,0.04334546198168662,0.1985642150503145,0.21127092625022276,12.40298895386615,13.194094488188975,0.838336582196232,0.8274278215223099,0.06500974658869395,0.06259842519685034,0.09311241065627028,0.10780839895013113,0.003541260558804418,0.0021653543307086605
117,0.036823322954715465,0.04240455502979648,0.21600938018793087,0.2141477128568793,11.28680961663418,12.791666666666664,0.8539961013645232,0.8230314960629921,0.05679012345679013,0.06312335958005244,0.08739441195581545,0.11200787401574794,0.0018193632228719948,0.001837270341207348
118,0.033815828516055406,0.038564976952600825,0.2489157752946253,0.24481226635825684,10.13248862897986,10.588779527559051,0.8681286549707603,0.8610236220472439,0.04905782975958415,0.0467847769028871,0.08105912930474336,0.08904199475065608,0.0017543859649122803,0.003149606299212596
119,0.02641022377684217,0.034542722200420754,0.32636623760651,0.29180180263214217,7.561923326835606,9.04783464566929,0.900747238466536,0.8824803149606297,0.03843404808317087,0.03917322834645665,0.05912930474333984,0.07290026246719154,0.0016894087069525665,0.00544619422572178
120,0.016898871478242244,0.02523324825142744,0.4171709025320095,0.3342704748878862,4.673554256010396,6.561548556430448,0.9424951267056524,0.915551181102362,0.02296946068875893,0.03024934383202097,0.03372319688109163,0.05295275590551178,0.0008122157244964262,0.0012467191601049864
121,0.011583886614459964,0.017170374695633695,0.49348054070038455,0.4589996839882517,2.8631578947368417,4.378018372703412,0.9658544509421696,0.951312335958005,0.013027940220922676,0.014763779527559045,0.02082521117608837,0.033661417322834626,0.00029239766081871346,0.00026246719160104987
122,0.006765575830162257,0.011410446258211696,0.5322920596475692,0.5348230884308653,1.4076998050682263,2.90255905511811,0.9851202079272252,0.967322834645669,0.00627030539311241,0.008727034120734901,0.008576998050682261,0.023753280839894985,0.00003248862897985705,0.0001968503937007874
123,0.004661959893135589,0.007530963045610405,0.5620933553388345,0.5531998184926838,0.7268680961663417,1.5560367454068245,0.994314489928525,0.9805774278215224,0.0029564652371669915,0.007152230971128604,0.002696556205328135,0.012139107611548546,0.00003248862897985705,0.00013123359580052493
124,0.004212881923104242,0.004934333754671031,0.5473237874444083,0.5489436079587994,0.5691682910981157,0.8280183727034125,0.9960363872644572,0.9935695538057748,0.00198180636777128,0.002427821522309711,0.001949317738791423,0.004002624671916009,0.00003248862897985705,0
125,0.004527596078323055,0.004803800058530852,0.5475892685103493,0.5575274593295639,0.7002599090318391,0.6929133858267716,0.9935022742040284,0.9940288713910768,0.0021767381416504224,0.002624671916010496,0.004320987654320987,0.0033464566929133827,0,0
126,0.00958352399685827,0.009336353081012832,0.5046622689219287,0.516006862487509,2.166601689408707,1.65734908136483,0.9717673814165037,0.981167979002624,0.009486679662118256,0.006364829396325456,0.016114359974009097,0.009645669291338576,0.002631578947368421,0.002821522309711283
127,0.01573563369336087,0.010171204221855086,0.42835842833764737,0.4768791051066464,4.635834957764782,2.4427821522309707,0.9310266406757624,0.9703412073490816,0.024918778427550345,0.012401574803149596,0.04294996751137101,0.017060367454068227,0.0011046133853151396,0.0001968503937007874
128,0.025332281801091337,0.02042512421740748,0.3621492540328044,0.4004096865021343,7.686192332683562,5.709973753280837,0.8876218323586748,0.9163385826771652,0.03957115009746589,0.030774278215223067,0.07128005198180637,0.05157480314960626,0.0015269655620532812,0.0013123359580052491
129,0.03695881354122273,0.03433143504266621,0.2817659744803765,0.3481591171584673,11.105360623781676,10.150853018372704,0.8351526965562057,0.8465879265091864,0.05844704353476283,0.05039370078740154,0.1016894087069526,0.0988188976377952,0.004710851202079272,0.004199475065616795
130,0.04298479355919639,0.04089248896827929,0.22019393506397317,0.290872698723364,13.72719298245614,12.213517060367453,0.8000000000000006,0.8190944881889763,0.0749512670565302,0.06220472440944877,0.12235217673814164,0.11509186351706026,0.002696556205328135,0.003608923884514433
131,0.05088310741637337,0.04302422996820892,0.19501710551728585,0.2435690741083734,16.457472384665365,12.54402887139107,0.7683560753736195,0.8224409448818897,0.08193632228719948,0.06115485564304458,0.1443794671864847,0.111023622047244,0.005328135152696556,0.005380577427821518
132,0.047041184029308,0.04645448231533277,0.187643457695807,0.23444858867942733,15.60334632878492,14.15242782152231,0.7777128005198185,0.8081364829396324,0.08820662768031187,0.06246719160104983,0.1325860948667966,0.12467191601049855,0.0014944769330734243,0.004724409448818894
133,0.05023820816683246,0.04379788575074477,0.17303403557056812,0.22204957025855576,16.587426900584795,13.160564304461946,0.7683560753736196,0.82257217847769,0.0857050032488629,0.06240157480314955,0.14398960363872643,0.11305774278215212,0.001949317738791423,0.001968503937007873
134,0.04595925431261005,0.04256119944751016,0.18186230038494527,0.21732812245358188,14.843372319688108,13.052559055118111,0.7970760233918135,0.8225721784776899,0.07693307342430147,0.0650918635170603,0.1239766081871345,0.10944881889763768,0.002014294996751137,0.0028871391076115468
135,0.04850418317793747,0.0444751808518372,0.1894978584780309,0.2326216643064859,15.69759584145549,13.133923884514436,0.7894411955815471,0.8209317585301832,0.07816764132553605,0.0579396325459317,0.12914230019493175,0.11515748031496056,0.003248862897985705,0.005971128608923881
136,0.04684046764607601,0.04567557516696931,0.1804973032325673,0.2283749445280075,15.168031189083816,13.350853018372703,0.7905782975958418,0.821850393700787,0.07803768680961662,0.05885826771653538,0.12920727745289148,0.11509186351706026,0.0021767381416504224,0.004199475065616797
137,0.048023722400023415,0.04668141466641621,0.1790774833570884,0.2103253042861253,15.624918778427558,14.128346456692912,0.7879467186484737,0.8070866141732281,0.0736842105263158,0.06240157480314954,0.13589993502274206,0.1236876640419946,0.002469135802469136,0.006824146981627291
138,0.04528609465045654,0.04741286488690676,0.19875135203040548,0.20323320990927904,14.62530864197531,14.383661417322838,0.8009096816114366,0.8034120734908139,0.07394411955815465,0.06417322834645663,0.12365172189733592,0.12427821522309696,0.0014944769330734243,0.008136482939632539
139,0.041021565828698585,0.04497160339686037,0.20466191649419904,0.2015255818270993,13.032521117608832,14.045538057742784,0.8293697205977913,0.8113517060367454,0.06725146198830408,0.0691601049868766,0.10162443144899284,0.11614173228346442,0.0017543859649122803,0.003346456692913384
140,0.038488030353657145,0.042850837553784965,0.2083425327352347,0.20357569495965305,12.157699805068226,12.664041994750653,0.8403508771929833,0.8337270341207346,0.06393762183235865,0.05971128608923879,0.09333983105912928,0.10255905511811012,0.0023716699155295643,0.004002624671916009
141,0.03519899696756105,0.043315086302472425,0.23204364089914228,0.21622665507516764,10.760656270305397,12.916994750656167,0.8632553606237815,0.8262467191601047,0.0534762833008447,0.0563648293963254,0.08076673164392463,0.11397637795275582,0.002501624431448993,0.003412073490813645
142,0.03359247714805622,0.03886067823189365,0.2392457779303723,0.2410783303486461,9.984048083170888,10.944422572178478,0.8689733593242359,0.8534120734908137,0.049545159194282005,0.053083989501312295,0.07855750487329434,0.08910761154855634,0.0029239766081871343,0.004396325459317583
143,0.028716924342556332,0.03362358230918681,0.2658682316880284,0.2777439020186131,8.137264457439894,9.216469816272967,0.8935022742040276,0.8786089238845142,0.03648473034437948,0.03943569553805771,0.06640675763482778,0.07854330708661411,0.003606237816764133,0.0034120734908136465
144,0.020672859836611678,0.02653407258292838,0.39022757130451,0.33420341546164944,5.889961013645224,6.685826771653543,0.9254385964912276,0.9172572178477684,0.028037686809616637,0.03234908136482936,0.044346978557504885,0.04665354330708659,0.0021767381416504224,0.0037401574803149584
145,0.013831580938807856,0.020116317549108306,0.4673108682048961,0.4089118616726015,3.7060103963612745,4.704199475065616,0.9541585445094208,0.9448162729658788,0.017056530214424943,0.01883202099737532,0.028460038986354755,0.03346456692913383,0.0003248862897985705,0.002887139107611547
146,0.008843911434579623,0.014586292451993114,0.5451356128481597,0.4540458573107851,1.9943469785575048,3.6455380577427823,0.9768356075373616,0.9547244094488188,0.008544509421702403,0.015879265091863503,0.013742690058479529,0.028674540682414675,0.0008771929824561403,0.0007217847769028871
147,0.005983294428756493,0.008489215521505385,0.5607187135407503,0.5235875379287928,1.1359974009096812,1.8094488188976368,0.9880441845354124,0.9796587926509186,0.004808317089018843,0.008727034120734901,0.00705003248862898,0.011614173228346451,0.00009746588693957116,0
148,0.004593913941178528,0.006346011468498553,0.5673408230808621,0.5466642171479072,0.6782651072124753,1.249343832020998,0.994054580896686,0.989107611548557,0.0025341130604288496,0.004658792650918632,0.003378817413905133,0.006233595800524931,0.00003248862897985705,0
149,0.0041882271762534295,0.005501657971387391,0.5687225313778639,0.5341561462466444,0.586647173489279,0.8687007874015745,0.9952891487979209,0.9916010498687668,0.002339181286549708,0.0026902887139107603,0.0023716699155295643,0.005511811023622044,0,0.0001968503937007874
150,0.006176307666481092,0.005438540335723706,0.519293142485862,0.5330761637911607,1.109714100064977,0.8839895013123356,0.9873944119558152,0.9921916010498696,0.00571799870045484,0.0031496062992125966,0.006660168940870695,0.004593175853018369,0.00022742040285899932,0.00006561679790026247
151,0.012172772943368751,0.0091741626790193,0.458881264097741,0.5018835626872236,3.3421052631578942,2.2353674540682418,0.9537361923326824,0.9706692913385824,0.01884340480831709,0.012860892388451436,0.027290448343079917,0.01614173228346456,0.0001299545159194282,0.0003280839895013124
152,0.023320768935744748,0.017554433276829765,0.3849164645156832,0.4222111069302183,7.094282001299543,4.858333333333334,0.8981806367771276,0.9306430446194224,0.036777128005198174,0.02519685039370077,0.06286549707602339,0.04304461942257214,0.0021767381416504224,0.0011154855643044615
153,0.0316527264675524,0.028469468960599733,0.3115092361865942,0.3602881198379545,9.900000000000002,8.34711286089239,0.8615334632878502,0.8816929133858264,0.05217673814165043,0.04002624671916007,0.08427550357374916,0.07696850393700781,0.002014294996751137,0.001312335958005249
154,0.03722689237703374,0.03622984909849687,0.2534876787435489,0.2728474287350118,12.075113710201425,10.56371391076116,0.8337231968810922,0.8519028871391074,0.06757634827810265,0.04862204724409445,0.09775828460038988,0.09396325459317575,0.0009421702404158544,0.005511811023622043
155,0.041339837646475246,0.04264698061855355,0.21599584069811853,0.24019922713742653,13.355198180636778,12.869881889763777,0.8166341780376872,0.819094488188976,0.06783625730994153,0.05925196850393695,0.11358024691358024,0.11758530183727026,0.001949317738791423,0.004068241469816269
156,0.045988036916741096,0.046437868607423466,0.18353294177730417,0.22245438537873552,15.00945419103314,14.398097112860894,0.7926900584795328,0.7963254593175854,0.07560103963612734,0.07034120734908131,0.12936972059779078,0.12854330708661407,0.002339181286549708,0.004790026246719157
157,0.0433000295039569,0.04508201526152552,0.18607667659552443,0.23159812816472836,13.888953866146846,14.118438320209975,0.8112085769980514,0.8059055118110233,0.07257959714100065,0.06850393700787395,0.1144249512670565,0.12349081364829392,0.0017868745938921377,0.002099737532808398
158,0.04058309668285092,0.04234384971241943,0.18448627541870963,0.230240986895818,13.49603638726446,12.933661417322831,0.8197205977907739,0.8288057742782153,0.0708576998050682,0.05787401574803144,0.10857699805068229,0.11082677165354315,0.0008447043534762832,0.002493438320209973
159,0.04102220980761186,0.042607834846210266,0.17902561903994035,0.2089022922614904,13.81590553169672,12.791404199475068,0.8190742517462638,0.8316929133858264,0.0661344115497076,0.05846456692913381,0.11384777046783626,0.10590551181102356,0.0009435662361923328,0.003937007874015746
160,0.04346427126889521,0.041942754714152354,0.18817539034690192,0.18694687534136448,13.86455078125,12.716994750656164,0.8148111979166667,0.8328083989501315,0.06451822916666666,0.05623359580052489,0.11861979166666668,0.10820209973753273,0.00205078125,0.0027559055118110223
161,0.04523140618256519,0.04536405523913564,0.18326197281170212,0.17388415968166906,14.066829427083333,13.553608923884516,0.81865234375,0.8169947506561678,0.06025390625,0.06010498687664037,0.11653645833333331,0.11896325459317572,0.004557291666666667,0.003937007874015745
162,0.04116128443003809,0.04362137524165107,0.1762176962059373,0.1895138833700955,13.295540364583331,13.141141732283463,0.8322591145833333,0.8244094488188977,0.06328125,0.06351706036745401,0.10240885416666666,0.1095800524934382,0.00205078125,0.002493438320209972
163,0.03761361782230547,0.04025707790586861,0.1738351595266493,0.19210035757584892,11.607552083333331,12.015091863517064,0.8542643229166667,0.8511811023622046,0.05869140625,0.05308398950131228,0.084375,0.0919291338582676,0.0026692708333333334,0.003805774278215219
164,0.03729584960432137,0.03840778495596102,0.17425172288050278,0.2027447840385048,11.2068359375,11.738320209973754,0.8587565104166667,0.8452099737532807,0.05654296875,0.0562335958005249,0.08248697916666667,0.0961286089238844,0.0022135416666666666,0.00242782152230971
165,0.032599389814368177,0.03252582842644257,0.18649591309870345,0.22272660536631023,9.724055989583333,9.140026246719165,0.8813151041666667,0.8850393700787401,0.04850260416666666,0.04055118110236216,0.06904296875,0.07171916010498681,0.0011393229166666667,0.002690288713910759
166,0.024611493765178828,0.02809476586711893,0.25459403910375344,0.25402206117895154,7.079622395833334,7.760695538057744,0.9163411458333334,0.9034776902887138,0.03746744791666667,0.03418635170603672,0.04580078125,0.06030183727034115,0.000390625,0.002034120734908136
167,0.02057357115034917,0.02023187307565096,0.3288208061643199,0.33051331841594533,5.663736979166667,5.266469816272967,0.9301106770833332,0.9403543307086611,0.02962239583333333,0.02526246719160103,0.03971354166666666,0.03379265091863515,0.0005533854166666667,0.0005905511811023622
